<?xml version="1.0" encoding="UTF-8"?>
<office:document-meta xmlns:presentation="urn:oasis:names:tc:opendocument:xmlns:presentation:1.0" xmlns:officeooo="http://openoffice.org/2009/office" xmlns:grddl="http://www.w3.org/2003/g/data-view#" xmlns:anim="urn:oasis:names:tc:opendocument:xmlns:animation:1.0" xmlns:meta="urn:oasis:names:tc:opendocument:xmlns:meta:1.0" xmlns:smil="urn:oasis:names:tc:opendocument:xmlns:smil-compatible:1.0" xmlns:dc="http://purl.org/dc/elements/1.1/" xmlns:xlink="http://www.w3.org/1999/xlink" xmlns:ooo="http://openoffice.org/2004/office" xmlns:office="urn:oasis:names:tc:opendocument:xmlns:office:1.0" office:version="1.3"><office:meta><meta:creation-date>2023-08-18T09:42:27.125463651</meta:creation-date><dc:date>2023-08-18T11:16:49.126451037</dc:date><meta:editing-duration>PT21M32S</meta:editing-duration><meta:editing-cycles>1</meta:editing-cycles><meta:document-statistic meta:object-count="1"/><meta:generator>LibreOffice/7.3.7.2$Linux_X86_64 LibreOffice_project/30$Build-2</meta:generator></office:meta></office:document-meta>