<?xml version="1.0" encoding="UTF-8"?>
<office:document-styles xmlns:officeooo="http://openoffice.org/2009/office" xmlns:anim="urn:oasis:names:tc:opendocument:xmlns:animation:1.0" xmlns:smil="urn:oasis:names:tc:opendocument:xmlns:smil-compatible:1.0" xmlns:presentation="urn:oasis:names:tc:opendocument:xmlns:presentation:1.0" xmlns:css3t="http://www.w3.org/TR/css3-text/" xmlns:rpt="http://openoffice.org/2005/report" xmlns:dc="http://purl.org/dc/elements/1.1/" xmlns:chart="urn:oasis:names:tc:opendocument:xmlns:chart:1.0" xmlns:svg="urn:oasis:names:tc:opendocument:xmlns:svg-compatible:1.0" xmlns:draw="urn:oasis:names:tc:opendocument:xmlns:drawing:1.0" xmlns:text="urn:oasis:names:tc:opendocument:xmlns:text:1.0" xmlns:oooc="http://openoffice.org/2004/calc" xmlns:style="urn:oasis:names:tc:opendocument:xmlns:style:1.0" xmlns:ooow="http://openoffice.org/2004/writer" xmlns:meta="urn:oasis:names:tc:opendocument:xmlns:meta:1.0" xmlns:xlink="http://www.w3.org/1999/xlink" xmlns:fo="urn:oasis:names:tc:opendocument:xmlns:xsl-fo-compatible:1.0" xmlns:ooo="http://openoffice.org/2004/office" xmlns:office="urn:oasis:names:tc:opendocument:xmlns:office:1.0" xmlns:dr3d="urn:oasis:names:tc:opendocument:xmlns:dr3d:1.0" xmlns:table="urn:oasis:names:tc:opendocument:xmlns:table:1.0" xmlns:number="urn:oasis:names:tc:opendocument:xmlns:datastyle:1.0" xmlns:of="urn:oasis:names:tc:opendocument:xmlns:of:1.2" xmlns:calcext="urn:org:documentfoundation:names:experimental:calc:xmlns:calcext:1.0" xmlns:tableooo="http://openoffice.org/2009/table" xmlns:drawooo="http://openoffice.org/2010/draw" xmlns:grddl="http://www.w3.org/2003/g/data-view#" xmlns:loext="urn:org:documentfoundation:names:experimental:office:xmlns:loext:1.0" xmlns:dom="http://www.w3.org/2001/xml-events" xmlns:field="urn:openoffice:names:experimental:ooo-ms-interop:xmlns:field:1.0" xmlns:math="http://www.w3.org/1998/Math/MathML" xmlns:form="urn:oasis:names:tc:opendocument:xmlns:form:1.0" xmlns:script="urn:oasis:names:tc:opendocument:xmlns:script:1.0" xmlns:xhtml="http://www.w3.org/1999/xhtml" office:version="1.3"><office:font-face-decls><style:font-face style:name="DejaVu Sans" svg:font-family="&apos;DejaVu Sans&apos;" style:font-family-generic="system" style:font-pitch="variable"/><style:font-face style:name="Liberation Sans" svg:font-family="&apos;Liberation Sans&apos;" style:font-family-generic="roman" style:font-pitch="variable"/><style:font-face style:name="Liberation Serif" svg:font-family="&apos;Liberation Serif&apos;" style:font-family-generic="roman" style:font-pitch="variable"/><style:font-face style:name="Lohit Devanagari" svg:font-family="&apos;Lohit Devanagari&apos;" style:font-family-generic="system" style:font-pitch="variable"/><style:font-face style:name="Noto Sans" svg:font-family="&apos;Noto Sans&apos;" style:font-family-generic="roman" style:font-pitch="variable"/><style:font-face style:name="Noto Sans CJK SC" svg:font-family="&apos;Noto Sans CJK SC&apos;" style:font-family-generic="system" style:font-pitch="variable"/></office:font-face-decls><office:styles><draw:gradient draw:name="Formes" draw:style="rectangular" draw:cx="50%" draw:cy="50%" draw:start-color="#cccccc" draw:end-color="#ffffff" draw:start-intensity="100%" draw:end-intensity="100%" draw:angle="0deg" draw:border="0%"/><draw:gradient draw:name="Plein" draw:style="linear" draw:start-color="#ffffff" draw:end-color="#cccccc" draw:start-intensity="100%" draw:end-intensity="100%" draw:angle="30deg" draw:border="0%"/><draw:gradient draw:name="Plein_20_bleu" draw:display-name="Plein bleu" draw:style="linear" draw:start-color="#729fcf" draw:end-color="#355269" draw:start-intensity="100%" draw:end-intensity="100%" draw:angle="30deg" draw:border="0%"/><draw:gradient draw:name="Plein_20_jaune" draw:display-name="Plein jaune" draw:style="linear" draw:start-color="#ffde59" draw:end-color="#b47804" draw:start-intensity="100%" draw:end-intensity="100%" draw:angle="30deg" draw:border="0%"/><draw:gradient draw:name="Plein_20_rouge" draw:display-name="Plein rouge" draw:style="linear" draw:start-color="#ff6d6d" draw:end-color="#c9211e" draw:start-intensity="100%" draw:end-intensity="100%" draw:angle="30deg" draw:border="0%"/><draw:gradient draw:name="Plein_20_vert" draw:display-name="Plein vert" draw:style="linear" draw:start-color="#77bc65" draw:end-color="#127622" draw:start-intensity="100%" draw:end-intensity="100%" draw:angle="30deg" draw:border="0%"/><draw:marker draw:name="Arrow" svg:viewBox="0 0 20 30" svg:d="M10 0l-10 30h20z"/><style:default-style style:family="graphic"><style:graphic-properties svg:stroke-color="#3465a4" draw:fill-color="#729fcf" fo:wrap-option="no-wrap"/><style:paragraph-properties style:text-autospace="ideograph-alpha" style:punctuation-wrap="simple" style:line-break="strict" style:writing-mode="lr-tb" style:font-independent-line-spacing="false"><style:tab-stops/></style:paragraph-properties><style:text-properties style:use-window-font-color="true" loext:opacity="0%" style:font-name="Liberation Serif" fo:font-size="24pt" fo:language="fr" fo:country="FR" style:font-name-asian="DejaVu Sans" style:font-size-asian="24pt" style:language-asian="zh" style:country-asian="CN" style:font-name-complex="DejaVu Sans" style:font-size-complex="24pt" style:language-complex="hi" style:country-complex="IN"/></style:default-style><style:style style:name="standard" style:family="graphic"><style:graphic-properties draw:stroke="solid" svg:stroke-width="0cm" svg:stroke-color="#3465a4" draw:marker-start-width="0.2cm" draw:marker-start-center="false" draw:marker-end-width="0.2cm" draw:marker-end-center="false" draw:fill="solid" draw:fill-color="#729fcf" draw:textarea-horizontal-align="justify" fo:padding-top="0.125cm" fo:padding-bottom="0.125cm" fo:padding-left="0.25cm" fo:padding-right="0.25cm" fo:wrap-option="wrap" draw:shadow="hidden" draw:shadow-offset-x="0.2cm" draw:shadow-offset-y="0.2cm" draw:shadow-color="#808080"><text:list-style style:name="standard"><text:list-level-style-bullet text:level="1" text:bullet-char="●"><style:list-level-properties text:min-label-width="0.6cm"/><style:text-properties fo:font-family="StarSymbol" style:use-window-font-color="true" fo:font-size="45%"/></text:list-level-style-bullet><text:list-level-style-bullet text:level="2" text:bullet-char="●"><style:list-level-properties text:space-before="0.6cm" text:min-label-width="0.6cm"/><style:text-properties fo:font-family="StarSymbol" style:use-window-font-color="true" fo:font-size="45%"/></text:list-level-style-bullet><text:list-level-style-bullet text:level="3" text:bullet-char="●"><style:list-level-properties text:space-before="1.2cm" text:min-label-width="0.6cm"/><style:text-properties fo:font-family="StarSymbol" style:use-window-font-color="true" fo:font-size="45%"/></text:list-level-style-bullet><text:list-level-style-bullet text:level="4" text:bullet-char="●"><style:list-level-properties text:space-before="1.8cm" text:min-label-width="0.6cm"/><style:text-properties fo:font-family="StarSymbol" style:use-window-font-color="true" fo:font-size="45%"/></text:list-level-style-bullet><text:list-level-style-bullet text:level="5" text:bullet-char="●"><style:list-level-properties text:space-before="2.4cm" text:min-label-width="0.6cm"/><style:text-properties fo:font-family="StarSymbol" style:use-window-font-color="true" fo:font-size="45%"/></text:list-level-style-bullet><text:list-level-style-bullet text:level="6" text:bullet-char="●"><style:list-level-properties text:space-before="3cm" text:min-label-width="0.6cm"/><style:text-properties fo:font-family="StarSymbol" style:use-window-font-color="true" fo:font-size="45%"/></text:list-level-style-bullet><text:list-level-style-bullet text:level="7" text:bullet-char="●"><style:list-level-properties text:space-before="3.6cm" text:min-label-width="0.6cm"/><style:text-properties fo:font-family="StarSymbol" style:use-window-font-color="true" fo:font-size="45%"/></text:list-level-style-bullet><text:list-level-style-bullet text:level="8" text:bullet-char="●"><style:list-level-properties text:space-before="4.2cm" text:min-label-width="0.6cm"/><style:text-properties fo:font-family="StarSymbol" style:use-window-font-color="true" fo:font-size="45%"/></text:list-level-style-bullet><text:list-level-style-bullet text:level="9" text:bullet-char="●"><style:list-level-properties text:space-before="4.8cm" text:min-label-width="0.6cm"/><style:text-properties fo:font-family="StarSymbol" style:use-window-font-color="true" fo:font-size="45%"/></text:list-level-style-bullet><text:list-level-style-bullet text:level="10" text:bullet-char="●"><style:list-level-properties text:space-before="5.4cm" text:min-label-width="0.6cm"/><style:text-properties fo:font-family="StarSymbol" style:use-window-font-color="true" fo:font-size="45%"/></text:list-level-style-bullet></text:list-style></style:graphic-properties><style:paragraph-properties fo:margin-left="0cm" fo:margin-right="0cm" fo:margin-top="0cm" fo:margin-bottom="0cm" fo:line-height="100%" fo:text-indent="0cm"/><style:text-properties fo:font-variant="normal" fo:text-transform="none" style:use-window-font-color="true" loext:opacity="0%" style:text-outline="false" style:text-line-through-style="none" style:text-line-through-type="none" style:font-name="Liberation Sans" fo:font-family="&apos;Liberation Sans&apos;" style:font-family-generic="roman" style:font-pitch="variable" fo:font-size="18pt" fo:font-style="normal" fo:text-shadow="none" style:text-underline-style="none" fo:font-weight="normal" style:letter-kerning="true" style:font-name-asian="Noto Sans CJK SC" style:font-family-asian="&apos;Noto Sans CJK SC&apos;" style:font-family-generic-asian="system" style:font-pitch-asian="variable" style:font-size-asian="18pt" style:font-style-asian="normal" style:font-weight-asian="normal" style:font-name-complex="Lohit Devanagari" style:font-family-complex="&apos;Lohit Devanagari&apos;" style:font-family-generic-complex="system" style:font-pitch-complex="variable" style:font-size-complex="18pt" style:font-style-complex="normal" style:font-weight-complex="normal" style:text-emphasize="none" style:font-relief="none" style:text-overline-style="none" style:text-overline-color="font-color"/></style:style><style:style style:name="objectwithoutfill" style:family="graphic" style:parent-style-name="standard"><style:graphic-properties draw:fill="none"/></style:style><style:style style:name="Objet_20_sans_20_remplissage_20_et_20_sans_20_ligne" style:display-name="Objet sans remplissage et sans ligne" style:family="graphic" style:parent-style-name="standard"><style:graphic-properties draw:stroke="none" draw:fill="none"/></style:style><style:style style:name="Text" style:family="graphic"><style:graphic-properties draw:stroke="solid" svg:stroke-color="#cccccc" draw:fill="solid" draw:fill-color="#eeeeee"/><style:text-properties style:font-name="Noto Sans" fo:font-family="&apos;Noto Sans&apos;" style:font-family-generic="roman" style:font-pitch="variable"/></style:style><style:style style:name="A4" style:family="graphic" style:parent-style-name="Text"><style:graphic-properties draw:fill="none"/><style:text-properties fo:font-size="18pt"/></style:style><style:style style:name="Title_20_A4" style:display-name="Title A4" style:family="graphic" style:parent-style-name="A4"><style:graphic-properties draw:stroke="none"/><style:text-properties fo:font-size="44pt"/></style:style><style:style style:name="Heading_20_A4" style:display-name="Heading A4" style:family="graphic" style:parent-style-name="A4"><style:graphic-properties draw:stroke="none"/><style:text-properties fo:font-size="24pt"/></style:style><style:style style:name="Text_20_A4" style:display-name="Text A4" style:family="graphic" style:parent-style-name="A4"><style:graphic-properties draw:stroke="none"/></style:style><style:style style:name="A4" style:family="graphic" style:parent-style-name="Text"><style:graphic-properties draw:fill="none"/><style:text-properties fo:font-size="18pt"/></style:style><style:style style:name="Title_20_A0" style:display-name="Title A0" style:family="graphic" style:parent-style-name="A4"><style:graphic-properties draw:stroke="none"/><style:text-properties fo:font-size="96pt"/></style:style><style:style style:name="Heading_20_A0" style:display-name="Heading A0" style:family="graphic" style:parent-style-name="A4"><style:graphic-properties draw:stroke="none"/><style:text-properties fo:font-size="71.9000015258789pt"/></style:style><style:style style:name="Text_20_A0" style:display-name="Text A0" style:family="graphic" style:parent-style-name="A4"><style:graphic-properties draw:stroke="none"/></style:style><style:style style:name="Graphic" style:family="graphic"><style:graphic-properties draw:fill="solid" draw:fill-color="#ffffff"/><style:text-properties style:font-name="Liberation Sans" fo:font-family="&apos;Liberation Sans&apos;" style:font-family-generic="roman" style:font-pitch="variable" fo:font-size="18pt"/></style:style><style:style style:name="Shapes" style:family="graphic" style:parent-style-name="Graphic"><style:graphic-properties draw:stroke="none" draw:fill="gradient" draw:fill-gradient-name="Formes"/><style:text-properties fo:font-size="14pt" fo:font-weight="bold"/></style:style><style:style style:name="Filled" style:family="graphic" style:parent-style-name="Shapes"><style:graphic-properties draw:fill="gradient" draw:fill-gradient-name="Plein"/></style:style><style:style style:name="Filled_20_Blue" style:display-name="Filled Blue" style:family="graphic" style:parent-style-name="Filled"><style:graphic-properties draw:fill-gradient-name="Plein_20_bleu"/><style:text-properties fo:color="#ffffff" loext:opacity="100%"/></style:style><style:style style:name="Filled_20_Green" style:display-name="Filled Green" style:family="graphic" style:parent-style-name="Filled"><style:graphic-properties draw:fill-gradient-name="Plein_20_vert"/><style:text-properties fo:color="#ffffff" loext:opacity="100%" style:font-name="Liberation Sans" fo:font-family="&apos;Liberation Sans&apos;" style:font-family-generic="roman" style:font-pitch="variable"/></style:style><style:style style:name="Filled_20_Red" style:display-name="Filled Red" style:family="graphic" style:parent-style-name="Filled"><style:graphic-properties draw:fill-gradient-name="Plein_20_rouge"/><style:text-properties fo:color="#ffffff" loext:opacity="100%"/></style:style><style:style style:name="Filled_20_Yellow" style:display-name="Filled Yellow" style:family="graphic" style:parent-style-name="Filled"><style:graphic-properties draw:fill-gradient-name="Plein_20_jaune"/><style:text-properties fo:color="#ffffff" loext:opacity="100%"/></style:style><style:style style:name="Outlined" style:family="graphic" style:parent-style-name="Shapes"><style:graphic-properties draw:stroke="solid" svg:stroke-width="0.081cm" svg:stroke-color="#000000" draw:fill="none"/></style:style><style:style style:name="Outlined_20_Blue" style:display-name="Outlined Blue" style:family="graphic" style:parent-style-name="Outlined"><style:graphic-properties svg:stroke-color="#355269"/><style:text-properties fo:color="#355269" loext:opacity="100%"/></style:style><style:style style:name="Outlined_20_Green" style:display-name="Outlined Green" style:family="graphic" style:parent-style-name="Outlined"><style:graphic-properties svg:stroke-color="#127622"/><style:text-properties fo:color="#127622" loext:opacity="100%"/></style:style><style:style style:name="Outlined_20_Red" style:display-name="Outlined Red" style:family="graphic" style:parent-style-name="Outlined"><style:graphic-properties svg:stroke-color="#c9211e"/><style:text-properties fo:color="#c9211e" loext:opacity="100%"/></style:style><style:style style:name="Outlined_20_Yellow" style:display-name="Outlined Yellow" style:family="graphic" style:parent-style-name="Outlined"><style:graphic-properties draw:stroke="solid" svg:stroke-color="#b47804"/><style:text-properties fo:color="#b47804" loext:opacity="100%"/></style:style><style:style style:name="Lines" style:family="graphic" style:parent-style-name="Graphic"><style:graphic-properties draw:stroke="solid" svg:stroke-color="#000000" draw:fill="none"/></style:style><style:style style:name="Arrow_20_Line" style:display-name="Arrow Line" style:family="graphic" style:parent-style-name="Lines"><style:graphic-properties draw:marker-start="Arrow" draw:marker-start-width="0.2cm" draw:marker-end="Arrow" draw:marker-end-width="0.2cm" draw:show-unit="true"/></style:style><style:style style:name="Arrow_20_Dashed" style:display-name="Arrow Dashed" style:family="graphic" style:parent-style-name="Lines"><style:graphic-properties draw:stroke="dash"/></style:style></office:styles><office:automatic-styles><style:page-layout style:name="PM0"><style:page-layout-properties fo:margin-top="1cm" fo:margin-bottom="1cm" fo:margin-left="1cm" fo:margin-right="1cm" fo:page-width="21.59cm" fo:page-height="27.94cm" style:print-orientation="portrait"/></style:page-layout><style:style style:name="Mdp1" style:family="drawing-page"><style:drawing-page-properties draw:background-size="border" draw:fill="none"/></style:style></office:automatic-styles><office:master-styles><draw:layer-set><draw:layer draw:name="layout"/><draw:layer draw:name="background"/><draw:layer draw:name="backgroundobjects"/><draw:layer draw:name="controls"/><draw:layer draw:name="measurelines"/></draw:layer-set><style:master-page style:name="Standard" style:page-layout-name="PM0" draw:style-name="Mdp1"/></office:master-styles></office:document-styles>